mean,standard_deviation,min,max
0.16654198899388603,0.1837544485441927,-0.9063290184990156,8.413503372626558
6.679299043911619e+32,2.7172265711595175e+34,-0.0245813106452193,40.87773385733715
0.35170022894392805,0.3423724494804411,-1.0272445387403166,12.994766048402207
82.04417426541006,416.76247459972535,-0.1943138882137571,31.71361810184374
